-- MySQL dump 10.13  Distrib 5.7.13, for linux-glibc2.5 (x86_64)
--
-- Host: localhost    Database: monitoring_po_auth
-- ------------------------------------------------------
-- Server version	5.7.21-0ubuntu0.16.04.1

/*!40101 SET @OLD_CHARACTER_SET_CLIENT=@@CHARACTER_SET_CLIENT */;
/*!40101 SET @OLD_CHARACTER_SET_RESULTS=@@CHARACTER_SET_RESULTS */;
/*!40101 SET @OLD_COLLATION_CONNECTION=@@COLLATION_CONNECTION */;
/*!40101 SET NAMES utf8 */;
/*!40103 SET @OLD_TIME_ZONE=@@TIME_ZONE */;
/*!40103 SET TIME_ZONE='+00:00' */;
/*!40014 SET @OLD_UNIQUE_CHECKS=@@UNIQUE_CHECKS, UNIQUE_CHECKS=0 */;
/*!40014 SET @OLD_FOREIGN_KEY_CHECKS=@@FOREIGN_KEY_CHECKS, FOREIGN_KEY_CHECKS=0 */;
/*!40101 SET @OLD_SQL_MODE=@@SQL_MODE, SQL_MODE='NO_AUTO_VALUE_ON_ZERO' */;
/*!40111 SET @OLD_SQL_NOTES=@@SQL_NOTES, SQL_NOTES=0 */;

--
-- Table structure for table `location`
--

DROP TABLE IF EXISTS `location`;
/*!40101 SET @saved_cs_client     = @@character_set_client */;
/*!40101 SET character_set_client = utf8 */;
CREATE TABLE `location` (
  `id` int(11) NOT NULL AUTO_INCREMENT,
  `name` varchar(45) DEFAULT NULL,
  `slug` varchar(45) DEFAULT NULL,
  `is_active` int(1) DEFAULT NULL,
  `created_at` datetime DEFAULT NULL,
  `updated_at` datetime DEFAULT NULL,
  PRIMARY KEY (`id`),
  UNIQUE KEY `slug_UNIQUE` (`slug`)
) ENGINE=InnoDB AUTO_INCREMENT=3 DEFAULT CHARSET=utf8;
/*!40101 SET character_set_client = @saved_cs_client */;

--
-- Dumping data for table `location`
--

LOCK TABLES `location` WRITE;
/*!40000 ALTER TABLE `location` DISABLE KEYS */;
INSERT INTO `location` VALUES (1,'SENIOR HIGH SCHOOL','sma',1,NULL,NULL),(2,'JUNIOR HIGH SCHOOL','smp',1,NULL,NULL);
/*!40000 ALTER TABLE `location` ENABLE KEYS */;
UNLOCK TABLES;

--
-- Table structure for table `menu`
--

DROP TABLE IF EXISTS `menu`;
/*!40101 SET @saved_cs_client     = @@character_set_client */;
/*!40101 SET character_set_client = utf8 */;
CREATE TABLE `menu` (
  `id` int(3) NOT NULL AUTO_INCREMENT,
  `title` varchar(45) DEFAULT NULL,
  `slug` varchar(55) DEFAULT NULL,
  `url` varchar(55) DEFAULT NULL,
  `menu_group_id` int(5) DEFAULT NULL,
  `have_sub_menu` tinyint(1) DEFAULT NULL,
  `is_active` tinyint(1) DEFAULT NULL,
  `order` int(3) DEFAULT NULL,
  `created_at` datetime DEFAULT NULL,
  `updated_at` datetime DEFAULT NULL,
  PRIMARY KEY (`id`),
  UNIQUE KEY `slug_UNIQUE` (`slug`),
  UNIQUE KEY `url_UNIQUE` (`url`),
  KEY `fk_menu_1_idx` (`menu_group_id`)
) ENGINE=InnoDB AUTO_INCREMENT=27 DEFAULT CHARSET=utf8;
/*!40101 SET character_set_client = @saved_cs_client */;

--
-- Dumping data for table `menu`
--

LOCK TABLES `menu` WRITE;
/*!40000 ALTER TABLE `menu` DISABLE KEYS */;
INSERT INTO `menu` VALUES (1,'PO Kemeja','po-kemeja','menu_po_kemeja()',1,0,1,1,NULL,NULL),(23,'User Account','user-account','user_account()',2,0,1,4,NULL,NULL),(24,'PO Kaos','po-kaos','menu_po_kaos()',1,0,1,5,NULL,NULL),(25,'Bahan Kemeja','bahan-kemeja','menu_bahan_kemeja()',3,0,1,6,NULL,NULL),(26,'Bahan Kaos','bahan-kaos','menu_bahan_kaos()',3,0,1,7,NULL,NULL);
/*!40000 ALTER TABLE `menu` ENABLE KEYS */;
UNLOCK TABLES;

--
-- Table structure for table `menu_group`
--

DROP TABLE IF EXISTS `menu_group`;
/*!40101 SET @saved_cs_client     = @@character_set_client */;
/*!40101 SET character_set_client = utf8 */;
CREATE TABLE `menu_group` (
  `id` int(11) NOT NULL AUTO_INCREMENT,
  `title` varchar(45) NOT NULL,
  `icon` varchar(45) DEFAULT NULL,
  `order` int(2) DEFAULT NULL,
  `is_active` tinyint(1) DEFAULT NULL,
  `system_id` int(5) NOT NULL,
  `created_at` datetime DEFAULT NULL,
  `updated_at` datetime DEFAULT NULL,
  PRIMARY KEY (`id`),
  UNIQUE KEY `title_UNIQUE` (`title`),
  KEY `fk_menu_group_1_idx` (`system_id`),
  CONSTRAINT `fk_menu_group_1` FOREIGN KEY (`system_id`) REFERENCES `system` (`id`) ON DELETE CASCADE ON UPDATE CASCADE
) ENGINE=InnoDB AUTO_INCREMENT=4 DEFAULT CHARSET=utf8;
/*!40101 SET character_set_client = @saved_cs_client */;

--
-- Dumping data for table `menu_group`
--

LOCK TABLES `menu_group` WRITE;
/*!40000 ALTER TABLE `menu_group` DISABLE KEYS */;
INSERT INTO `menu_group` VALUES (1,'MONITORING','fa-book',1,1,1,NULL,NULL),(2,'AMS','fa-user',2,1,2,NULL,NULL),(3,'MASTER DATA','fa-book',2,1,1,NULL,NULL);
/*!40000 ALTER TABLE `menu_group` ENABLE KEYS */;
UNLOCK TABLES;

--
-- Table structure for table `privilage`
--

DROP TABLE IF EXISTS `privilage`;
/*!40101 SET @saved_cs_client     = @@character_set_client */;
/*!40101 SET character_set_client = utf8 */;
CREATE TABLE `privilage` (
  `id` int(11) NOT NULL AUTO_INCREMENT,
  `name` varchar(80) CHARACTER SET utf8mb4 COLLATE utf8mb4_unicode_ci NOT NULL,
  `display_name` varchar(80) CHARACTER SET utf8mb4 COLLATE utf8mb4_unicode_ci NOT NULL,
  `description` varchar(80) CHARACTER SET utf8mb4 COLLATE utf8mb4_unicode_ci DEFAULT NULL,
  `created_at` timestamp NULL DEFAULT NULL,
  `updated_at` timestamp NULL DEFAULT NULL,
  PRIMARY KEY (`id`),
  UNIQUE KEY `name_UNIQUE` (`name`)
) ENGINE=InnoDB AUTO_INCREMENT=3 DEFAULT CHARSET=utf8;
/*!40101 SET character_set_client = @saved_cs_client */;

--
-- Dumping data for table `privilage`
--

LOCK TABLES `privilage` WRITE;
/*!40000 ALTER TABLE `privilage` DISABLE KEYS */;
INSERT INTO `privilage` VALUES (1,'User Privilage','User Privilage','User Privilage',NULL,NULL),(2,'Admin Privilage','Admin Privilage','Admin Privilage',NULL,NULL);
/*!40000 ALTER TABLE `privilage` ENABLE KEYS */;
UNLOCK TABLES;

--
-- Table structure for table `role`
--

DROP TABLE IF EXISTS `role`;
/*!40101 SET @saved_cs_client     = @@character_set_client */;
/*!40101 SET character_set_client = utf8 */;
CREATE TABLE `role` (
  `user_id` int(10) NOT NULL,
  `privilage_id` int(10) NOT NULL,
  PRIMARY KEY (`user_id`,`privilage_id`),
  KEY `fk_role_2_idx` (`privilage_id`),
  CONSTRAINT `fk_role_1` FOREIGN KEY (`user_id`) REFERENCES `users` (`id`) ON DELETE CASCADE ON UPDATE CASCADE,
  CONSTRAINT `fk_role_2` FOREIGN KEY (`privilage_id`) REFERENCES `privilage` (`id`) ON DELETE CASCADE ON UPDATE CASCADE
) ENGINE=InnoDB DEFAULT CHARSET=utf8;
/*!40101 SET character_set_client = @saved_cs_client */;

--
-- Dumping data for table `role`
--

LOCK TABLES `role` WRITE;
/*!40000 ALTER TABLE `role` DISABLE KEYS */;
INSERT INTO `role` VALUES (1,2),(2,2);
/*!40000 ALTER TABLE `role` ENABLE KEYS */;
UNLOCK TABLES;

--
-- Table structure for table `sub_menu`
--

DROP TABLE IF EXISTS `sub_menu`;
/*!40101 SET @saved_cs_client     = @@character_set_client */;
/*!40101 SET character_set_client = utf8 */;
CREATE TABLE `sub_menu` (
  `id` int(11) NOT NULL AUTO_INCREMENT,
  `title` varchar(60) NOT NULL,
  `slug` varchar(100) NOT NULL,
  `url` varchar(100) NOT NULL,
  `menu_id` int(3) NOT NULL,
  `is_active` tinyint(1) DEFAULT NULL,
  `created_at` datetime DEFAULT NULL,
  `updated_at` datetime DEFAULT NULL,
  PRIMARY KEY (`id`),
  UNIQUE KEY `title_UNIQUE` (`title`),
  UNIQUE KEY `slug_UNIQUE` (`slug`),
  UNIQUE KEY `url_UNIQUE` (`url`),
  KEY `fk_sub_menu_1_idx` (`menu_id`),
  CONSTRAINT `fk_sub_menu_1` FOREIGN KEY (`menu_id`) REFERENCES `menu` (`id`) ON DELETE CASCADE ON UPDATE CASCADE
) ENGINE=InnoDB DEFAULT CHARSET=utf8;
/*!40101 SET character_set_client = @saved_cs_client */;

--
-- Dumping data for table `sub_menu`
--

LOCK TABLES `sub_menu` WRITE;
/*!40000 ALTER TABLE `sub_menu` DISABLE KEYS */;
/*!40000 ALTER TABLE `sub_menu` ENABLE KEYS */;
UNLOCK TABLES;

--
-- Table structure for table `system`
--

DROP TABLE IF EXISTS `system`;
/*!40101 SET @saved_cs_client     = @@character_set_client */;
/*!40101 SET character_set_client = utf8 */;
CREATE TABLE `system` (
  `id` int(11) NOT NULL AUTO_INCREMENT,
  `name` varchar(45) NOT NULL,
  `slug` varchar(90) NOT NULL,
  `order` tinyint(2) DEFAULT NULL,
  `created_at` datetime DEFAULT NULL,
  `updated_at` datetime DEFAULT NULL,
  PRIMARY KEY (`id`),
  UNIQUE KEY `name_UNIQUE` (`name`),
  UNIQUE KEY `slug_UNIQUE` (`slug`)
) ENGINE=InnoDB AUTO_INCREMENT=3 DEFAULT CHARSET=utf8;
/*!40101 SET character_set_client = @saved_cs_client */;

--
-- Dumping data for table `system`
--

LOCK TABLES `system` WRITE;
/*!40000 ALTER TABLE `system` DISABLE KEYS */;
INSERT INTO `system` VALUES (1,'CONTENT MANAGEMENT SYSTEM','cms',1,NULL,NULL),(2,'ACCOUNT MANAGEMENT SYSTEM','ams',2,NULL,NULL);
/*!40000 ALTER TABLE `system` ENABLE KEYS */;
UNLOCK TABLES;

--
-- Table structure for table `system_location`
--

DROP TABLE IF EXISTS `system_location`;
/*!40101 SET @saved_cs_client     = @@character_set_client */;
/*!40101 SET character_set_client = utf8 */;
CREATE TABLE `system_location` (
  `user_id` int(3) NOT NULL,
  `system_id` int(3) NOT NULL,
  PRIMARY KEY (`user_id`,`system_id`),
  KEY `fk_system_location_1_idx` (`user_id`),
  KEY `fk_system_location_2_idx` (`system_id`),
  CONSTRAINT `FK_system_location_system` FOREIGN KEY (`system_id`) REFERENCES `system` (`id`) ON DELETE CASCADE ON UPDATE CASCADE,
  CONSTRAINT `FK_system_location_users` FOREIGN KEY (`user_id`) REFERENCES `users` (`id`) ON DELETE CASCADE ON UPDATE CASCADE
) ENGINE=InnoDB DEFAULT CHARSET=utf8;
/*!40101 SET character_set_client = @saved_cs_client */;

--
-- Dumping data for table `system_location`
--

LOCK TABLES `system_location` WRITE;
/*!40000 ALTER TABLE `system_location` DISABLE KEYS */;
INSERT INTO `system_location` VALUES (1,1),(1,2),(2,2);
/*!40000 ALTER TABLE `system_location` ENABLE KEYS */;
UNLOCK TABLES;

--
-- Table structure for table `user_location`
--

DROP TABLE IF EXISTS `user_location`;
/*!40101 SET @saved_cs_client     = @@character_set_client */;
/*!40101 SET character_set_client = utf8 */;
CREATE TABLE `user_location` (
  `user_id` int(3) NOT NULL,
  `location_id` int(3) NOT NULL,
  PRIMARY KEY (`user_id`,`location_id`),
  KEY `fk_user_location_2_idx` (`location_id`),
  CONSTRAINT `fk_user_location_1` FOREIGN KEY (`user_id`) REFERENCES `users` (`id`) ON DELETE CASCADE ON UPDATE CASCADE,
  CONSTRAINT `fk_user_location_2` FOREIGN KEY (`location_id`) REFERENCES `location` (`id`) ON DELETE CASCADE ON UPDATE CASCADE
) ENGINE=InnoDB DEFAULT CHARSET=latin1;
/*!40101 SET character_set_client = @saved_cs_client */;

--
-- Dumping data for table `user_location`
--

LOCK TABLES `user_location` WRITE;
/*!40000 ALTER TABLE `user_location` DISABLE KEYS */;
INSERT INTO `user_location` VALUES (1,1),(2,1),(1,2),(2,2);
/*!40000 ALTER TABLE `user_location` ENABLE KEYS */;
UNLOCK TABLES;

--
-- Table structure for table `user_menu`
--

DROP TABLE IF EXISTS `user_menu`;
/*!40101 SET @saved_cs_client     = @@character_set_client */;
/*!40101 SET character_set_client = utf8 */;
CREATE TABLE `user_menu` (
  `id` int(10) NOT NULL AUTO_INCREMENT,
  `user_id` int(10) NOT NULL,
  `menu_id` int(10) NOT NULL,
  PRIMARY KEY (`id`,`user_id`,`menu_id`),
  KEY `fk_user_menu_1_idx` (`user_id`),
  KEY `fk_user_menu_2_idx` (`menu_id`),
  CONSTRAINT `fk_user_menu_1` FOREIGN KEY (`user_id`) REFERENCES `users` (`id`) ON DELETE CASCADE ON UPDATE CASCADE,
  CONSTRAINT `fk_user_menu_2` FOREIGN KEY (`menu_id`) REFERENCES `menu` (`id`) ON DELETE CASCADE ON UPDATE CASCADE
) ENGINE=InnoDB AUTO_INCREMENT=80 DEFAULT CHARSET=utf8;
/*!40101 SET character_set_client = @saved_cs_client */;

--
-- Dumping data for table `user_menu`
--

LOCK TABLES `user_menu` WRITE;
/*!40000 ALTER TABLE `user_menu` DISABLE KEYS */;
INSERT INTO `user_menu` VALUES (75,1,26),(76,1,25),(77,1,24),(78,1,1),(79,1,23),(65,2,1),(67,2,23);
/*!40000 ALTER TABLE `user_menu` ENABLE KEYS */;
UNLOCK TABLES;

--
-- Table structure for table `users`
--

DROP TABLE IF EXISTS `users`;
/*!40101 SET @saved_cs_client     = @@character_set_client */;
/*!40101 SET character_set_client = utf8 */;
CREATE TABLE `users` (
  `id` int(11) NOT NULL AUTO_INCREMENT,
  `name` varchar(80) CHARACTER SET utf8mb4 COLLATE utf8mb4_unicode_ci NOT NULL,
  `email` varchar(80) CHARACTER SET utf8mb4 COLLATE utf8mb4_unicode_ci NOT NULL,
  `password` varchar(80) CHARACTER SET utf8mb4 COLLATE utf8mb4_unicode_ci NOT NULL,
  `remember_token` varchar(100) CHARACTER SET utf8mb4 COLLATE utf8mb4_unicode_ci DEFAULT NULL,
  `is_active` tinyint(1) DEFAULT NULL,
  `created_at` timestamp NULL DEFAULT NULL,
  `updated_at` timestamp NULL DEFAULT NULL,
  PRIMARY KEY (`id`),
  UNIQUE KEY `email_UNIQUE` (`email`)
) ENGINE=InnoDB AUTO_INCREMENT=3 DEFAULT CHARSET=utf8;
/*!40101 SET character_set_client = @saved_cs_client */;

--
-- Dumping data for table `users`
--

LOCK TABLES `users` WRITE;
/*!40000 ALTER TABLE `users` DISABLE KEYS */;
INSERT INTO `users` VALUES (1,'admin','sheqbo@gmail.com','$2y$10$jWqW0ETc23XTaaDtjktAw.XRvdet5BnBHauvmJLPBCWNfbyvI3YNy','2laAsGNwtNgg6iY3TpLQJZlU4pzZebJkMaOXoQMrbJmClJaTkLhvZz786Oph',1,'2017-05-04 09:58:53','2017-09-19 22:42:07'),(2,'Admin','admin@wibs.sch.id','$2y$10$ZLEGjGku4gge.8CpyS8VbuiQ/JttzW5XKsc8Mtxnj32VBqNF3CwqO','Q0933hoPAzgrJS15mQQwlyT9OekdVmErkLcRqWdWs91OCeA2ZLO7BkV0Ym0y',1,'2017-09-19 22:13:40','2017-09-19 22:13:40');
/*!40000 ALTER TABLE `users` ENABLE KEYS */;
UNLOCK TABLES;
/*!40103 SET TIME_ZONE=@OLD_TIME_ZONE */;

/*!40101 SET SQL_MODE=@OLD_SQL_MODE */;
/*!40014 SET FOREIGN_KEY_CHECKS=@OLD_FOREIGN_KEY_CHECKS */;
/*!40014 SET UNIQUE_CHECKS=@OLD_UNIQUE_CHECKS */;
/*!40101 SET CHARACTER_SET_CLIENT=@OLD_CHARACTER_SET_CLIENT */;
/*!40101 SET CHARACTER_SET_RESULTS=@OLD_CHARACTER_SET_RESULTS */;
/*!40101 SET COLLATION_CONNECTION=@OLD_COLLATION_CONNECTION */;
/*!40111 SET SQL_NOTES=@OLD_SQL_NOTES */;

-- Dump completed on 2018-04-11 11:47:47
